{
  "model_name": "M12: + year FE",
  "metrics": {
    "r2": 0.7037,
    "r2_adj": 0.6981,
    "r2_cv": 0.6882,
    "r2_cv_std": 0.0418,
    "r2_oot": 0.5148,
    "rmse": 4.21,
    "rmse_oot": 4.81,
    "mae": 3.01,
    "n_obs": 3421,
    "n_grades": 43,
    "n_features": 75
  },
  "coefficients": {
    "const": 29.625856,
    "api_gravity": -0.479699,
    "sulfur_pct": 8.513118,
    "api2": 0.002712,
    "reg_MiddleEast": 2.970692,
    "reg_NorthAfrica": -0.415022,
    "reg_NorthAmerica": -2.995767,
    "reg_NorthSea": -2.607637,
    "reg_WestAfrica": 6.423222,
    "vacuum_resid_pct": -0.199505,
    "middle_distillate_pct": -0.591887,
    "ccr_wt_pct": -1.127761,
    "log_v_ni": 0.544465,
    "brent_price": -0.076795,
    "wti_brent_spread": 0.269848,
    "vix": -0.02389,
    "gasoline_crack_brent": 0.009954,
    "diesel_crack_brent": 0.009372,
    "diesel_minus_gasoline_crack": -0.000582,
    "brent_dubai_spread": -0.350313,
    "d_distance_medium": -4.939803,
    "d_distance_long": -4.169072,
    "is_landlocked": -2.2876,
    "is_pipeline_constrained": -2.2876,
    "us_refinery_util_pct": 0.137935,
    "us_crude_stocks_kbbl_dev_5y_pct": -0.039745,
    "cushing_stocks_kbbl_dev_5y_pct": -0.002435,
    "us_crude_exports_kbpd": 0.00091,
    "d_refinery_tight": -0.278357,
    "d_refinery_slack": 0.71566,
    "fc_slope_4m": -1.018068,
    "d_strong_contango": -1.119417,
    "d_strong_backwardation": -0.145754,
    "sin_month": 0.226216,
    "cos_month": -0.531133,
    "d_winter": 0.057443,
    "sulfur_x_brent": -0.044661,
    "vacuum_resid_x_brent": 0.009227,
    "ccr_x_brent": -0.032062,
    "landlocked_x_cushing_stocks": -0.03242,
    "api_x_contango": 0.01925,
    "sulfur_x_refinery_util": -0.069467,
    "landlocked_x_contango": 0.560995,
    "d_russia_sanctions": -0.200744,
    "d_iran_sanctions_v1": 2.582511,
    "d_iran_sanctions_v2": -0.632118,
    "d_venezuela_sanctions": -0.776551,
    "d_us_shale_boom": 0.838194,
    "d_covid": -1.003591,
    "d_opec_plus_cuts_2023": -0.191331,
    "yr_2001": 0.0,
    "yr_2002": 0.0,
    "yr_2003": -0.0,
    "yr_2004": 0.0,
    "yr_2005": -0.0,
    "yr_2006": 1.573385,
    "yr_2007": 1.733082,
    "yr_2008": 4.273678,
    "yr_2009": 5.709093,
    "yr_2010": 5.388981,
    "yr_2011": 6.811974,
    "yr_2012": 2.728916,
    "yr_2013": 0.992094,
    "yr_2014": -0.953539,
    "yr_2015": -0.184959,
    "yr_2016": 2.52904,
    "yr_2017": 1.206617,
    "yr_2018": -1.405955,
    "yr_2019": 0.699455,
    "yr_2020": -0.140859,
    "yr_2021": -0.352682,
    "yr_2022": 1.177363,
    "yr_2023": -0.601467,
    "yr_2024": -1.55836,
    "yr_2025": 0.0,
    "yr_2026": 0.0
  },
  "p_values": {
    "const": 6.6e-05,
    "api_gravity": 0.088416,
    "sulfur_pct": 0.0,
    "api2": 0.428737,
    "reg_MiddleEast": 0.002466,
    "reg_NorthAfrica": 0.644616,
    "reg_NorthAmerica": 0.000155,
    "reg_NorthSea": 0.000492,
    "reg_WestAfrica": 0.0,
    "vacuum_resid_pct": 0.209875,
    "middle_distillate_pct": 0.0,
    "ccr_wt_pct": 0.09157,
    "log_v_ni": 0.104621,
    "brent_price": 0.000825,
    "wti_brent_spread": 0.0,
    "vix": 0.260963,
    "gasoline_crack_brent": 0.472904,
    "diesel_crack_brent": 0.328964,
    "diesel_minus_gasoline_crack": 0.956383,
    "brent_dubai_spread": 2e-06,
    "d_distance_medium": 0.0,
    "d_distance_long": 0.0,
    "is_landlocked": 0.0,
    "is_pipeline_constrained": 0.0,
    "us_refinery_util_pct": 0.001336,
    "us_crude_stocks_kbbl_dev_5y_pct": 0.090707,
    "cushing_stocks_kbbl_dev_5y_pct": 0.795781,
    "us_crude_exports_kbpd": 0.00611,
    "d_refinery_tight": 0.324175,
    "d_refinery_slack": 0.06287,
    "fc_slope_4m": 0.0,
    "d_strong_contango": 0.00211,
    "d_strong_backwardation": 0.648349,
    "sin_month": 0.158264,
    "cos_month": 0.010323,
    "d_winter": 0.849552,
    "sulfur_x_brent": 0.0,
    "vacuum_resid_x_brent": 3e-06,
    "ccr_x_brent": 3e-06,
    "landlocked_x_cushing_stocks": 0.006162,
    "api_x_contango": 2.9e-05,
    "sulfur_x_refinery_util": 6e-06,
    "landlocked_x_contango": 2e-06,
    "d_russia_sanctions": 0.846941,
    "d_iran_sanctions_v1": 0.000517,
    "d_iran_sanctions_v2": 0.487517,
    "d_venezuela_sanctions": 0.524975,
    "d_us_shale_boom": 0.216147,
    "d_covid": 0.054905,
    "d_opec_plus_cuts_2023": 0.736531,
    "yr_2001": 0.067549,
    "yr_2002": 0.010876,
    "yr_2003": 0.11269,
    "yr_2004": 0.0,
    "yr_2005": 0.000408,
    "yr_2006": 0.090158,
    "yr_2007": 0.028621,
    "yr_2008": 0.000586,
    "yr_2009": 0.0,
    "yr_2010": 0.0,
    "yr_2011": 0.0,
    "yr_2012": 2.4e-05,
    "yr_2013": 0.050175,
    "yr_2014": 0.068002,
    "yr_2015": 0.759572,
    "yr_2016": 0.00641,
    "yr_2017": 0.15875,
    "yr_2018": 0.133639,
    "yr_2019": 0.2081,
    "yr_2020": 0.801198,
    "yr_2021": 0.47436,
    "yr_2022": 0.056492,
    "yr_2023": 0.416943,
    "yr_2024": 0.065987,
    "yr_2025": NaN,
    "yr_2026": NaN
  },
  "features": [
    "api_gravity",
    "sulfur_pct",
    "api2",
    "reg_MiddleEast",
    "reg_NorthAfrica",
    "reg_NorthAmerica",
    "reg_NorthSea",
    "reg_WestAfrica",
    "vacuum_resid_pct",
    "middle_distillate_pct",
    "ccr_wt_pct",
    "log_v_ni",
    "brent_price",
    "wti_brent_spread",
    "vix",
    "gasoline_crack_brent",
    "diesel_crack_brent",
    "diesel_minus_gasoline_crack",
    "brent_dubai_spread",
    "d_distance_medium",
    "d_distance_long",
    "is_landlocked",
    "is_pipeline_constrained",
    "us_refinery_util_pct",
    "us_crude_stocks_kbbl_dev_5y_pct",
    "cushing_stocks_kbbl_dev_5y_pct",
    "us_crude_exports_kbpd",
    "d_refinery_tight",
    "d_refinery_slack",
    "fc_slope_4m",
    "d_strong_contango",
    "d_strong_backwardation",
    "sin_month",
    "cos_month",
    "d_winter",
    "sulfur_x_brent",
    "vacuum_resid_x_brent",
    "ccr_x_brent",
    "landlocked_x_cushing_stocks",
    "api_x_contango",
    "sulfur_x_refinery_util",
    "landlocked_x_contango",
    "d_russia_sanctions",
    "d_iran_sanctions_v1",
    "d_iran_sanctions_v2",
    "d_venezuela_sanctions",
    "d_us_shale_boom",
    "d_covid",
    "d_opec_plus_cuts_2023",
    "yr_2001",
    "yr_2002",
    "yr_2003",
    "yr_2004",
    "yr_2005",
    "yr_2006",
    "yr_2007",
    "yr_2008",
    "yr_2009",
    "yr_2010",
    "yr_2011",
    "yr_2012",
    "yr_2013",
    "yr_2014",
    "yr_2015",
    "yr_2016",
    "yr_2017",
    "yr_2018",
    "yr_2019",
    "yr_2020",
    "yr_2021",
    "yr_2022",
    "yr_2023",
    "yr_2024",
    "yr_2025",
    "yr_2026"
  ]
}