{
  "base_metrics": {
    "k": 27,
    "r2": 0.4825276373129306,
    "r2_oot": 0.41230443910445136,
    "rmse": 2.9118533181618385
  },
  "single_variable_tests": {
    "field_age_years": {
      "coef": -0.004720455845604051,
      "p_value": 0.6471956850244509,
      "r2_oot": 0.41259956693160105,
      "rmse": 2.9115006617756554,
      "delta_oot": 0.0002951278271496882
    },
    "log_production": {
      "coef": 0.05471003349181002,
      "p_value": 0.642400902356272,
      "r2_oot": 0.41243796696277135,
      "rmse": 2.911507993782647,
      "delta_oot": 0.0001335278583199928
    },
    "is_fpso": {
      "coef": -1.7381978883759852,
      "p_value": 0.00018943515244876697,
      "r2_oot": 0.42990822960451625,
      "rmse": 2.88104328408586,
      "delta_oot": 0.017603790500064886
    }
  },
  "combined_test": {
    "k": 30,
    "r2_oot": 0.43544434549087463,
    "rmse": 2.8740767473615865,
    "delta_oot": 0.02313990638642327
  },
  "best_per_grade_improvement": {
    "Martin Linge": {
      "base_bias": -1.8932730061961374,
      "combo_bias": -1.8413908287592458,
      "improvement_usd_bbl": 0.05188217743689161
    },
    "Asgard": {
      "base_bias": -1.9564725402303025,
      "combo_bias": -0.6114762211469592,
      "improvement_usd_bbl": 1.3449963190833434
    },
    "Draugen": {
      "base_bias": -1.6648416040465632,
      "combo_bias": -0.2426824083940973,
      "improvement_usd_bbl": 1.422159195652466
    },
    "Norne": {
      "base_bias": -0.9577590136094412,
      "combo_bias": -0.20292015984155257,
      "improvement_usd_bbl": 0.7548388537678886
    },
    "Statfjord": {
      "base_bias": -0.6799077148679395,
      "combo_bias": -0.7750056635092648,
      "improvement_usd_bbl": -0.09509794864132526
    },
    "Heidrun": {
      "base_bias": 0.11742119207758316,
      "combo_bias": 0.40712872042492865,
      "improvement_usd_bbl": -0.2897075283473455
    },
    "Ekofisk": {
      "base_bias": 0.5005875167390978,
      "combo_bias": 0.7517341265064099,
      "improvement_usd_bbl": -0.25114660976731207
    },
    "Alvheim": {
      "base_bias": 0.6093768237102285,
      "combo_bias": 0.679218534411555,
      "improvement_usd_bbl": -0.0698417107013265
    },
    "Goliat": {
      "base_bias": 0.18311192660318765,
      "combo_bias": 0.35948418023813905,
      "improvement_usd_bbl": -0.1763722536349514
    },
    "Grane": {
      "base_bias": 0.47795362998959934,
      "combo_bias": -0.028030167477458873,
      "improvement_usd_bbl": 0.44992346251214044
    }
  }
}