{
  "base": {
    "k": 27,
    "r2_oot": 0.41230443910390446,
    "rmse": 2.9118533181618385
  },
  "single_results": {
    "is_fpso": {
      "label": "is_fpso (script 60)",
      "coef": -1.7381978883766718,
      "p_value": 0.00018943515245011458,
      "d_oot": 0.0176037905003551,
      "d_rmse": -0.030810034075978265,
      "r2_oot": 0.42990822960425956
    },
    "is_norwegian_sea": {
      "label": "is_norwegian_sea",
      "coef": -1.425728098249033,
      "p_value": 0.0047652112750779805,
      "d_oot": 0.01359078981557238,
      "d_rmse": -0.02503322416767162,
      "r2_oot": 0.42589522891947684
    },
    "is_barents_sea": {
      "label": "is_barents_sea",
      "coef": 0.22535760522301018,
      "p_value": 0.4908151098384588,
      "d_oot": -0.00010005572054527789,
      "d_rmse": -0.00020675504475908824,
      "r2_oot": 0.4122043833833592
    },
    "is_equinor": {
      "label": "is_equinor",
      "coef": -0.7222403452848606,
      "p_value": 0.09234129510755593,
      "d_oot": 0.003151781296609091,
      "d_rmse": -0.00659128699067324,
      "r2_oot": 0.41545622040051355
    },
    "production_decline_12m": {
      "label": "production_decline_12m",
      "coef": 0.0,
      "p_value": NaN,
      "d_oot": 4.218847493575595e-15,
      "d_rmse": 0.0,
      "r2_oot": 0.4123044391039087
    },
    "d_post_2022": {
      "label": "d_post_2022 (regime-skift)",
      "coef": -0.542471448475763,
      "p_value": 0.4364568004166468,
      "d_oot": 4.218847493575595e-15,
      "d_rmse": -0.0009556362117053574,
      "r2_oot": 0.4123044391039087
    },
    "is_small_field": {
      "label": "is_small_field",
      "coef": -0.8001713980262893,
      "p_value": 0.20901625367007748,
      "d_oot": 0.0053860091518351805,
      "d_rmse": -0.006527837433544015,
      "r2_oot": 0.41769044825573964
    }
  },
  "best_features": [
    "is_fpso",
    "is_norwegian_sea"
  ],
  "combined_metrics": {
    "k": 29,
    "r2_oot": 0.43176859181096194,
    "rmse": 2.876934837075128,
    "delta_oot": 0.01946415270705748
  },
  "combined_coefs": {
    "is_fpso": {
      "coef": -1.2450680637449976,
      "p_value": 0.037106518286073774
    },
    "is_norwegian_sea": {
      "coef": -0.7296741473021897,
      "p_value": 0.20462162789413807
    }
  }
}